File Path | File Name | Line Number | URL (href)
. | index.html | 36 | MeetTheTeacher/Teachers/AMT/index.html
. | index.html | 37 | ClassCard/AMT/index.html
. | index.html | 38 | ClassroomView/AMT/index.html
. | index.html | 57 | MeetTheTeacher/Teachers/AEDT-1/index.html
. | index.html | 58 | ClassCard/AEDT-1/index.html
. | index.html | 59 | ClassroomView/AEDT-1/index.html
. | index.html | 78 | MeetTheTeacher/Teachers/ACT/index.html
. | index.html | 79 | ClassCard/ACT/index.html
. | index.html | 80 | ClassroomView/ACT/index.html
. | index.html | 99 | MeetTheTeacher/Teachers/AST-1/index.html
. | index.html | 100 | ClassCard/AST-1/index.html
. | index.html | 101 | ClassroomView/AST-1/index.html
. | index.html | 120 | MeetTheTeacher/Teachers/BCT-1/index.html
. | index.html | 121 | ClassCard/BCT-1/index.html
. | index.html | 122 | ClassroomView/BCT-1/index.html
. | index.html | 141 | MeetTheTeacher/Teachers/CS/index.html
. | index.html | 142 | ClassCard/CS/index.html
. | index.html | 143 | ClassroomView/CS/index.html
. | index.html | 162 | MeetTheTeacher/Teachers/CJPS/index.html
. | index.html | 163 | ClassCard/CJPS/index.html
. | index.html | 164 | ClassroomView/CJPS/index.html
. | index.html | 183 | MeetTheTeacher/Teachers/CA/index.html
. | index.html | 184 | ClassCard/CA/index.html
. | index.html | 185 | ClassroomView/CA/index.html
. | index.html | 204 | MeetTheTeacher/Teachers/SEC/index.html
. | index.html | 205 | ClassCard/SEC/index.html
. | index.html | 206 | ClassroomView/SEC/index.html
. | index.html | 225 | MeetTheTeacher/Teachers/DST/index.html
. | index.html | 226 | ClassCard/DST/index.html
. | index.html | 227 | ClassroomView/DST/index.html
. | index.html | 246 | MeetTheTeacher/Teachers/ET/index.html
. | index.html | 247 | ClassCard/ET/index.html
. | index.html | 248 | ClassroomView/ET/index.html
. | index.html | 267 | MeetTheTeacher/Teachers/GCDM/index.html
. | index.html | 268 | ClassCard/GCDM/index.html
. | index.html | 269 | ClassroomView/GCDM/index.html
. | index.html | 288 | MeetTheTeacher/Teachers/HSES/index.html
. | index.html | 289 | ClassCard/HSES/index.html
. | index.html | 290 | ClassroomView/HSES/index.html
. | index.html | 309 | MeetTheTeacher/Teachers/HSPP-1/index.html
. | index.html | 310 | ClassCard/HSPP-1/index.html
. | index.html | 311 | ClassroomView/HSPP-1/index.html
. | index.html | 330 | MeetTheTeacher/Teachers/HVAC/index.html
. | index.html | 331 | ClassCard/HVAC/index.html
. | index.html | 332 | ClassroomView/HVAC/index.html
. | index.html | 351 | MeetTheTeacher/Teachers/MCB/index.html
. | index.html | 352 | ClassCard/MCB/index.html
. | index.html | 353 | ClassroomView/MCB/index.html
. | index.html | 372 | MeetTheTeacher/Teachers/PMT/index.html
. | index.html | 373 | ClassCard/PMT/index.html
. | index.html | 374 | ClassroomView/PMT/index.html
. | index.html | 393 | MeetTheTeacher/Teachers/VS/index.html
. | index.html | 394 | ClassCard/VS/index.html
. | index.html | 395 | ClassroomView/VS/index.html
. | index.html | 414 | MeetTheTeacher/Teachers/WT/index.html
. | index.html | 415 | ClassCard/WT/index.html
. | index.html | 416 | ClassroomView/WT/index.html
. | index.html | 429 | https://g.co/kgs/qucSe8N
ClassCard | ClassCards.html | 22 | AdvancedManufacturingTechnologyCard/index.html
ClassCard | ClassCards.html | 23 | Architecture&EngineeringDesignTechnologyCard/index.html
ClassCard | ClassCards.html | 24 | AutomotiveCollisionRepairTechnologyCard/index.html
ClassCard | ClassCards.html | 25 | AutomotiveServiceTechnologyCard/index.html
ClassCard | ClassCards.html | 26 | BuildingConstructionTechnologyCard/index.html
ClassCard | ClassCards.html | 27 | ComputerScienceCard/index.html
ClassCard | ClassCards.html | 28 | CriminalJusticePublicSafetyCard/index.html
ClassCard | ClassCards.html | 29 | CulinaryArtsCard/index.html
ClassCard | ClassCards.html | 30 | CybersecurityCard/index.html
ClassCard | ClassCards.html | 31 | DieselServiceTechnologyCard/index.html
ClassCard | ClassCards.html | 32 | ElectricalTechnologyCard/index.html
ClassCard | ClassCards.html | 33 | GraphicCommunicationsDigitalMediaCard/index.html
ClassCard | ClassCards.html | 34 | HealthSciencesExerciseScienceCard/index.html
ClassCard | ClassCards.html | 35 | HealthSciencesPre-ProfessionalCard/index.html
ClassCard | ClassCards.html | 36 | HVAC-R&EnergySystemsCard/index.html
ClassCard | ClassCards.html | 37 | MediaCommunicationsandBroadcastingCard/index.html
ClassCard | ClassCards.html | 38 | PrecisionMachineMetalworkingTechnologyCard/index.html
ClassCard | ClassCards.html | 39 | VeterinarySciencesCard/index.html
ClassCard | ClassCards.html | 40 | WeldingTechnologyCard/index.html
ClassCard | CoursesPage.html | 93 | https://g.co/kgs/qucSe8N
ClassroomView | ClassroomViews.html | 22 | template/AMT.html
ClassroomView | ClassroomViews.html | 23 | template/Architecture&EngineeringDesignTechnologyCard/index.html
ClassroomView | ClassroomViews.html | 24 | template/AutomotiveCollisionRepairTechnologyCard/index.html
ClassroomView | ClassroomViews.html | 25 | template/AutomotiveServiceTechnologyCard/index.html
ClassroomView | ClassroomViews.html | 26 | template/BuildingConstructionTechnologyCard/index.html
ClassroomView | ClassroomViews.html | 27 | template/ComputerScienceCard/index.html
ClassroomView | ClassroomViews.html | 28 | template/CriminalJusticePublicSafetyCard/index.html
ClassroomView | ClassroomViews.html | 29 | template/CulinaryArtsCard/index.html
ClassroomView | ClassroomViews.html | 30 | template/CybersecurityCard/index.html
ClassroomView | ClassroomViews.html | 31 | template/DieselServiceTechnologyCard/index.html
ClassroomView | ClassroomViews.html | 32 | template/ElectricalTechnologyCard/index.html
ClassroomView | ClassroomViews.html | 33 | template/GraphicCommunicationsDigitalMediaCard/index.html
ClassroomView | ClassroomViews.html | 34 | template/HealthSciencesExerciseScienceCard/index.html
ClassroomView | ClassroomViews.html | 35 | template/HealthSciencesPre-ProfessionalCard/index.html
ClassroomView | ClassroomViews.html | 36 | template/HVAC-R&EnergySystemsCard/index.html
ClassroomView | ClassroomViews.html | 37 | template/MediaCommunicationsandBroadcastingCard/index.html
ClassroomView | ClassroomViews.html | 38 | template/PrecisionMachineMetalworkingTechnologyCard/index.html
ClassroomView | ClassroomViews.html | 39 | template/VeterinarySciencesCard/index.html
ClassroomView | ClassroomViews.html | 40 | template/WeldingTechnologyCard/index.html
MeetTheTeacher | Teachers.html | 22 | /MeetTheTeacher/Teachers/Aull/teacher.html
MeetTheTeacher | Teachers.html | 23 | /MeetTheTeacher/Teachers/Aull/teacher.html
MeetTheTeacher | Teachers.html | 24 | /MeetTheTeacher/Teachers/Aull/teacher.html
MeetTheTeacher | Teachers.html | 25 | /MeetTheTeacher/Teachers/Aull/teacher.html
MeetTheTeacher | Teachers.html | 26 | /MeetTheTeacher/Teachers/Aull/teacher.html
MeetTheTeacher | Teachers.html | 27 | /MeetTheTeacher/Teachers/Aull/teacher.html
MeetTheTeacher | Teachers.html | 28 | /MeetTheTeacher/Teachers/Aull/teacher.html
MeetTheTeacher | Teachers.html | 29 | /MeetTheTeacher/Teachers/Aull/teacher.html
MeetTheTeacher | Teachers.html | 30 | /MeetTheTeacher/Teachers/Aull/teacher.html
MeetTheTeacher | Teachers.html | 31 | /MeetTheTeacher/Teachers/Aull/teacher.html
MeetTheTeacher | Teachers.html | 32 | /MeetTheTeacher/Teachers/Aull/teacher.html
MeetTheTeacher | Teachers.html | 33 | /MeetTheTeacher/Teachers/Aull/teacher.html
MeetTheTeacher | Teachers.html | 34 | /MeetTheTeacher/Teachers/Aull/teacher.html
MeetTheTeacher | Teachers.html | 35 | /MeetTheTeacher/Teachers/Aull/teacher.html
MeetTheTeacher | Teachers.html | 36 | /MeetTheTeacher/Teachers/Aull/teacher.html
MeetTheTeacher | Teachers.html | 37 | /MeetTheTeacher/Teachers/Aull/teacher.html
MeetTheTeacher | Teachers.html | 38 | /MeetTheTeacher/Teachers/Aull/teacher.html
MeetTheTeacher | Teachers.html | 39 | /MeetTheTeacher/Teachers/Aull/teacher.html
MeetTheTeacher | Teachers.html | 40 | /MeetTheTeacher/Teachers/Aull/teacher.html
MeetTheTeacher | Teachers.html | 41 | /MeetTheTeacher/Teachers/Aull/teacher.html
MeetTheTeacher | Teachers.html | 42 | /MeetTheTeacher/Teachers/Aull/teacher.html
MeetTheTeacher | Teachers.html | 43 | /MeetTheTeacher/Teachers/Aull/teacher.html
MeetTheTeacher | Teachers.html | 44 | /MeetTheTeacher/Teachers/Aull/teacher.html
MeetTheTeacher | Teachers.html | 45 | /MeetTheTeacher/Teachers/Aull/teacher.html
MeetTheTeacher\template | teacher.html | 57 | https://g.co/kgs/qucSe8N
MeetTheTeacher\Teachers\ACT | index.html | 48 | https://g.co/kgs/qucSe8N
MeetTheTeacher\Teachers\AEDT-1 | index.html | 48 | https://g.co/kgs/qucSe8N
MeetTheTeacher\Teachers\AEDT-2 | index.html | 48 | https://g.co/kgs/qucSe8N
MeetTheTeacher\Teachers\AMT | index.html | 54 | https://g.co/kgs/qucSe8N
MeetTheTeacher\Teachers\AST-1 | index.html | 48 | https://g.co/kgs/qucSe8N
MeetTheTeacher\Teachers\AST-2 | index.html | 52 | https://g.co/kgs/qucSe8N
MeetTheTeacher\Teachers\BCT-1 | index.html | 48 | https://g.co/kgs/qucSe8N
MeetTheTeacher\Teachers\BCT-2 | index.html | 48 | https://g.co/kgs/qucSe8N
MeetTheTeacher\Teachers\CA | index.html | 53 | https://g.co/kgs/qucSe8N
MeetTheTeacher\Teachers\CJPS | index.html | 56 | https://g.co/kgs/qucSe8N
MeetTheTeacher\Teachers\CS | index.html | 48 | https://g.co/kgs/qucSe8N
MeetTheTeacher\Teachers\DST | index.html | 67 | https://g.co/kgs/qucSe8N
MeetTheTeacher\Teachers\ET | index.html | 48 | https://g.co/kgs/qucSe8N
MeetTheTeacher\Teachers\GCDM | index.html | 48 | https://g.co/kgs/qucSe8N
MeetTheTeacher\Teachers\HSES | index.html | 53 | https://g.co/kgs/qucSe8N
MeetTheTeacher\Teachers\HSPP-1 | index.html | 57 | https://g.co/kgs/qucSe8N
MeetTheTeacher\Teachers\HSPP-2 | index.html | 48 | https://g.co/kgs/qucSe8N
MeetTheTeacher\Teachers\HSPP-3 | index.html | 56 | https://g.co/kgs/qucSe8N
MeetTheTeacher\Teachers\HVAC | index.html | 48 | https://g.co/kgs/qucSe8N
MeetTheTeacher\Teachers\MCB | index.html | 48 | https://g.co/kgs/qucSe8N
MeetTheTeacher\Teachers\PMT | index.html | 51 | https://g.co/kgs/qucSe8N
MeetTheTeacher\Teachers\SEC | index.html | 47 | https://g.co/kgs/qucSe8N
MeetTheTeacher\Teachers\VS | index.html | 59 | https://g.co/kgs/qucSe8N
MeetTheTeacher\Teachers\WT | index.html | 57 | https://g.co/kgs/qucSe8N
ClassroomView\ACT | index.html | 37 | https://g.co/kgs/qucSe8N
ClassroomView\AEDT-1 | index.html | 35 | https://g.co/kgs/qucSe8N
ClassroomView\AMT | index.html | 37 | https://g.co/kgs/qucSe8N
ClassroomView\AST-1 | index.html | 36 | https://g.co/kgs/qucSe8N
ClassroomView\BCT-1 | index.html | 36 | https://g.co/kgs/qucSe8N
ClassroomView\CA | index.html | 36 | https://g.co/kgs/qucSe8N
ClassroomView\CJPS | index.html | 36 | https://g.co/kgs/qucSe8N
ClassroomView\CS | index.html | 36 | https://g.co/kgs/qucSe8N
ClassroomView\DST | index.html | 36 | https://g.co/kgs/qucSe8N
ClassroomView\ET | index.html | 36 | https://g.co/kgs/qucSe8N
ClassroomView\GCDM | index.html | 36 | https://g.co/kgs/qucSe8N
ClassroomView\HSES | index.html | 36 | https://g.co/kgs/qucSe8N
ClassroomView\HSPP-1 | index.html | 36 | https://g.co/kgs/qucSe8N
ClassroomView\HVAC | index.html | 36 | https://g.co/kgs/qucSe8N
ClassroomView\MCB | index.html | 36 | https://g.co/kgs/qucSe8N
ClassroomView\PMT | index.html | 36 | https://g.co/kgs/qucSe8N
ClassroomView\SEC | index.html | 36 | https://g.co/kgs/qucSe8N
ClassroomView\template | index.html | 36 | https://g.co/kgs/qucSe8N
ClassroomView\VS | index.html | 36 | https://g.co/kgs/qucSe8N
ClassroomView\WT | index.html | 36 | https://g.co/kgs/qucSe8N
ClassCard\ACT | index.html | 84 | ../../MeetTheTeacher/Teachers/ACT/index.html
ClassCard\ACT | index.html | 88 | ../../ClassroomView/ACT/index.html
ClassCard\ACT | index.html | 89 | ../../index.html
ClassCard\ACT | index.html | 126 | https://g.co/kgs/qucSe8N
ClassCard\AEDT-1 | index.html | 84 | ../../MeetTheTeacher/Teachers/AEDT-1/teacher.html
ClassCard\AEDT-1 | index.html | 88 | ../../ClassroomView/AEDT-1/index.html
ClassCard\AEDT-1 | index.html | 89 | ../../index.html
ClassCard\AEDT-1 | index.html | 126 | https://g.co/kgs/qucSe8N
ClassCard\AMT | index.html | 84 | ../../MeetTheTeacher/Teachers/AMT/index.html
ClassCard\AMT | index.html | 85 | ../../ClassCard/AMT/index.html
ClassCard\AMT | index.html | 88 | ../../ClassroomView/AMT/index.html
ClassCard\AMT | index.html | 89 | ../../index.html
ClassCard\AMT | index.html | 126 | https://g.co/kgs/qucSe8N
ClassCard\AST-1 | index.html | 85 | ../../MeetTheTeacher/Teachers/AST-1/index.html
ClassCard\AST-1 | index.html | 89 | ../../ClassroomView/AST-1/index.html
ClassCard\AST-1 | index.html | 90 | ../../index.html
ClassCard\AST-1 | index.html | 127 | https://g.co/kgs/qucSe8N
ClassCard\BCT-1 | index.html | 84 | ../../MeetTheTeacher/Teachers/BCT-1/index.html
ClassCard\BCT-1 | index.html | 88 | ../../ClassroomView/BCT-1/index.html
ClassCard\BCT-1 | index.html | 89 | ../../index.html
ClassCard\BCT-1 | index.html | 126 | https://g.co/kgs/qucSe8N
ClassCard\CA | index.html | 84 | ../../MeetTheTeacher/Teachers/CA/index.html
ClassCard\CA | index.html | 88 | ../../ClassroomView/CA/index.html
ClassCard\CA | index.html | 89 | ../../index.html
ClassCard\CA | index.html | 126 | https://g.co/kgs/qucSe8N
ClassCard\CJPS | index.html | 85 | ../../MeetTheTeacher/Teachers/CJPS/index.html
ClassCard\CJPS | index.html | 89 | ../../ClassroomView/CJPS/index.html
ClassCard\CJPS | index.html | 90 | ../../index.html
ClassCard\CJPS | index.html | 127 | https://g.co/kgs/qucSe8N
ClassCard\Courses | ClassCards.html | 22 | AdvancedManufacturingTechnologyCard/index.html
ClassCard\Courses | ClassCards.html | 23 | Architecture&EngineeringDesignTechnologyCard/index.html
ClassCard\Courses | ClassCards.html | 24 | AutomotiveCollisionRepairTechnologyCard/index.html
ClassCard\Courses | ClassCards.html | 25 | AutomotiveServiceTechnologyCard/index.html
ClassCard\Courses | ClassCards.html | 26 | BuildingConstructionTechnologyCard/index.html
ClassCard\Courses | ClassCards.html | 27 | ComputerScienceCard/index.html
ClassCard\Courses | ClassCards.html | 28 | CriminalJusticePublicSafetyCard/index.html
ClassCard\Courses | ClassCards.html | 29 | CulinaryArtsCard/index.html
ClassCard\Courses | ClassCards.html | 30 | CybersecurityCard/index.html
ClassCard\Courses | ClassCards.html | 31 | DieselServiceTechnologyCard/index.html
ClassCard\Courses | ClassCards.html | 32 | ElectricalTechnologyCard/index.html
ClassCard\Courses | ClassCards.html | 33 | GraphicCommunicationsDigitalMediaCard/index.html
ClassCard\Courses | ClassCards.html | 34 | HealthSciencesExerciseScienceCard/index.html
ClassCard\Courses | ClassCards.html | 35 | HealthSciencesPre-ProfessionalCard/index.html
ClassCard\Courses | ClassCards.html | 36 | HVAC-R&EnergySystemsCard/index.html
ClassCard\Courses | ClassCards.html | 37 | MediaCommunicationsandBroadcastingCard/index.html
ClassCard\Courses | ClassCards.html | 38 | PrecisionMachineMetalworkingTechnologyCard/index.html
ClassCard\Courses | ClassCards.html | 39 | VeterinarySciencesCard/index.html
ClassCard\Courses | ClassCards.html | 40 | WeldingTechnologyCard/index.html
ClassCard\CS | index.html | 84 | ../../MeetTheTeacher/Teachers/CS/index.html
ClassCard\CS | index.html | 88 | ../../ClassroomView/CS/index.html
ClassCard\CS | index.html | 89 | ../../index.html
ClassCard\CS | index.html | 126 | https://g.co/kgs/qucSe8N
ClassCard\DST | index.html | 86 | ../../MeetTheTeacher/Teachers/DST/index.html
ClassCard\DST | index.html | 87 | ../../
ClassCard\DST | index.html | 90 | ../../ClassroomView/DST/index.html
ClassCard\DST | index.html | 91 | ../../index.html
ClassCard\DST | index.html | 128 | https://g.co/kgs/qucSe8N
ClassCard\ET | index.html | 85 | ../../MeetTheTeacher/Teachers/ET/index.html
ClassCard\ET | index.html | 89 | ../../ClassroomView/ET/index.html
ClassCard\ET | index.html | 90 | ../../index.html
ClassCard\ET | index.html | 127 | https://g.co/kgs/qucSe8N
ClassCard\GCDM | index.html | 84 | ../../MeetTheTeacher/Teachers/GCDM/index.html
ClassCard\GCDM | index.html | 88 | ../../ClassroomView/GCDM/index.html
ClassCard\GCDM | index.html | 89 | ../../index.html
ClassCard\GCDM | index.html | 126 | https://g.co/kgs/qucSe8N
ClassCard\HSES | index.html | 84 | ../../MeetTheTeacher/Teachers/HSES/index.html
ClassCard\HSES | index.html | 85 | ../../
ClassCard\HSES | index.html | 88 | ../../ClassroomView/HSES/index.html
ClassCard\HSES | index.html | 89 | ../../index.html
ClassCard\HSES | index.html | 126 | https://g.co/kgs/qucSe8N
ClassCard\HSPP-1 | index.html | 84 | ../../MeetTheTeacher/Teachers/HSPP-1/index.html
ClassCard\HSPP-1 | index.html | 88 | ../../ClassroomView/HSPP-1/index.html
ClassCard\HSPP-1 | index.html | 89 | ../../index.html
ClassCard\HSPP-1 | index.html | 126 | https://g.co/kgs/qucSe8N
ClassCard\HVAC | index.html | 84 | ../../MeetTheTeacher/Teachers/HVAC/index.html
ClassCard\HVAC | index.html | 85 | ../../
ClassCard\HVAC | index.html | 88 | ../../ClassroomView/HVAC/index.html
ClassCard\HVAC | index.html | 89 | ../../index.html
ClassCard\HVAC | index.html | 126 | https://g.co/kgs/qucSe8N
ClassCard\MCB | index.html | 84 | ../../MeetTheTeacher/Teachers/MCB/index.html
ClassCard\MCB | index.html | 88 | ../../ClassroomView/MCB/index.html
ClassCard\MCB | index.html | 89 | ../../index.html
ClassCard\MCB | index.html | 126 | https://g.co/kgs/qucSe8N
ClassCard\PMT | index.html | 84 | ../../MeetTheTeacher/Teachers/PMT/index.html
ClassCard\PMT | index.html | 85 | ../../
ClassCard\PMT | index.html | 88 | ../../ClassroomView/PMT/index.html
ClassCard\PMT | index.html | 89 | ../../index.html
ClassCard\PMT | index.html | 126 | https://g.co/kgs/qucSe8N
ClassCard\SEC | index.html | 84 | ../../MeetTheTeacher/Teachers/SEC/index.html
ClassCard\SEC | index.html | 88 | ../../ClassroomView/SEC/index.html
ClassCard\SEC | index.html | 89 | ../../index.html
ClassCard\SEC | index.html | 127 | https://g.co/kgs/qucSe8N
ClassCard\VS | index.html | 84 | ../../MeetTheTeacher/Teachers/VS/index.html
ClassCard\VS | index.html | 85 | ../../LearnMore/VS/index.html
ClassCard\VS | index.html | 88 | ../../ClassroomView/VS/index.html
ClassCard\VS | index.html | 89 | ../../index.html
ClassCard\VS | index.html | 124 | https://g.co/kgs/qucSe8N
ClassCard\WT | index.html | 85 | ../../MeetTheTeacher/Teachers/WT/index.html
ClassCard\WT | index.html | 86 | index.html
ClassCard\WT | index.html | 89 | ../../ClassroomView/WT/index.html
ClassCard\WT | index.html | 90 | ../../index.html
ClassCard\WT | index.html | 127 | https://g.co/kgs/qucSe8N
