Folder Path | File Name | Line Number | URL (Link/Button)
.\ACT | index.html | 25 | ../../MeetTheTeacher/Teachers/ACT/index.html
.\ACT | index.html | 26 | ../../ClassCard/ACT/index.html
.\ACT | index.html | 27 | index.html
.\ACT | index.html | 28 | ../../index.html
.\AEDT-1 | index.html | 24 | ../../MeetTheTeacher/Teachers/AEDT-1/index.html
.\AEDT-1 | index.html | 25 | ../../ClassCard/AEDT-1/index.html
.\AEDT-1 | index.html | 26 | index.html
.\AEDT-1 | index.html | 27 | ../../index.html
.\AMT | index.html | 25 | ../../MeetTheTeacher/Teachers/AMT/index.html
.\AMT | index.html | 26 | ../../ClassCard/AMT/index.html
.\AMT | index.html | 27 | index.html
.\AMT | index.html | 28 | ../../index.html
.\AST-1 | index.html | 24 | ../../MeetTheTeacher/Teachers/AST-1/index.html
.\AST-1 | index.html | 25 | ../../ClassCard/AST-1/index.html
.\AST-1 | index.html | 26 | index.html
.\AST-1 | index.html | 27 | ../../index.html
.\BCT-1 | index.html | 24 | ../../MeetTheTeacher/Teachers/BCT-1/index.html
.\BCT-1 | index.html | 25 | ../../ClassCard/BCT-1/index.html
.\BCT-1 | index.html | 26 | index.html
.\BCT-1 | index.html | 27 | ../../index.html
.\CA | index.html | 24 | ../../MeetTheTeacher/Teachers/CA/index.html
.\CA | index.html | 25 | ../../ClassCard/CA/index.html
.\CA | index.html | 26 | index.html
.\CA | index.html | 27 | ../../index.html
.\CJPS | index.html | 24 | ../../MeetTheTeacher/Teachers/CJPS/index.html
.\CJPS | index.html | 25 | ../../ClassCard/CJPS/index.html
.\CJPS | index.html | 26 | index.html
.\CJPS | index.html | 27 | ../../index.html
.\CS | index.html | 24 | ../../MeetTheTeacher/Teachers/CS/index.html
.\CS | index.html | 25 | ../../ClassCard/CS/index.html
.\CS | index.html | 26 | index.html
.\CS | index.html | 27 | ../../index.html
.\DST | index.html | 24 | ../../MeetTheTeacher/Teachers/DST/index.html
.\DST | index.html | 25 | ../../ClassCard/DST/index.html
.\DST | index.html | 26 | index.html
.\DST | index.html | 27 | ../../index.html
.\ET | index.html | 24 | ../../MeetTheTeacher/Teachers/ET/index.html
.\ET | index.html | 25 | ../../ClassCard/ET/index.html
.\ET | index.html | 26 | index.html
.\ET | index.html | 27 | ../../index.html
.\GCDM | index.html | 24 | ../../MeetTheTeacher/Teachers/GCDM/index.html
.\GCDM | index.html | 25 | ../../ClassCard/GCDM/index.html
.\GCDM | index.html | 26 | index.html
.\GCDM | index.html | 27 | ../../index.html
.\HSES | index.html | 24 | ../../MeetTheTeacher/Teachers/HSES/index.html
.\HSES | index.html | 25 | ../../ClassCard/HSES/index.html
.\HSES | index.html | 26 | index.html
.\HSES | index.html | 27 | ../../index.html
.\HSPP-1 | index.html | 24 | ../../MeetTheTeacher/Teachers/HSPP-1/index.html
.\HSPP-1 | index.html | 25 | ../../ClassCard/HSPP-1/index.html
.\HSPP-1 | index.html | 26 | index.html
.\HSPP-1 | index.html | 27 | ../../index.html
.\HVAC | index.html | 24 | ../../MeetTheTeacher/Teachers/HVAC/index.html
.\HVAC | index.html | 25 | ../../ClassCard/HVAC/index.html
.\HVAC | index.html | 26 | index.html
.\HVAC | index.html | 27 | ../../index.html
.\MCB | index.html | 24 | ../../MeetTheTeacher/Teachers/MCB/index.html
.\MCB | index.html | 25 | ../../ClassCard/MCB/index.html
.\MCB | index.html | 26 | index.html
.\MCB | index.html | 27 | ../../index.html
.\PMT | index.html | 24 | ../../MeetTheTeacher/Teachers/PMT/index.html
.\PMT | index.html | 25 | ../../ClassCard/PMT/index.html
.\PMT | index.html | 26 | index.html
.\PMT | index.html | 27 | ../../index.html
.\SEC | index.html | 24 | ../../MeetTheTeacher/Teachers/SEC/index.html
.\SEC | index.html | 25 | ../../ClassCard/SEC/index.html
.\SEC | index.html | 26 | index.html
.\SEC | index.html | 27 | ../../index.html
.\VS | index.html | 24 | ../../MeetTheTeacher/Teachers/VS/index.html
.\VS | index.html | 25 | ../../ClassCard/VS/index.html
.\VS | index.html | 26 | index.html
.\VS | index.html | 27 | ../../index.html
.\WT | index.html | 24 | ../../MeetTheTeacher/Teachers/WT/index.html
.\WT | index.html | 25 | ../../ClassCard/WT/index.html
.\WT | index.html | 26 | index.html
.\WT | index.html | 27 | ../../index.html
